question,answer,answer_number,equation_solution
Le anatre di Janet depongono 16 uova al giorno.Ne mangia tre a colazione ogni mattina e cuoci muffin per i suoi amici ogni giorno con quattro.Vende il resto al mercato degli agricoltori ogni giorno per $ 2 per uovo di anatra fresca.Quanto in dollari fa ogni giorno al mercato degli agricoltori?,,18,
Una veste prende 2 bulloni di fibra blu e metà così tanta fibra bianca.Quanti bulloni in totale ci vogliono?,,3,
Josh decide di provare a lanciare una casa.Compra una casa per $ 80.000 e poi mette $ 50.000 in riparazioni.Ciò ha aumentato il valore della casa del 150%.Quanto profitto ha realizzato?,,70000,
James decide di eseguire 3 sprint 3 volte a settimana.Gestisce 60 metri ciascuno.Quanti metri totali gestisce una settimana?,,540,
"Ogni giorno, Wendi nutre ciascuna delle sue galline tre tazze di alimentazione a pollo mista, contenente semi, vermi e verdure per aiutarli a mantenerli sani.Dà ai polli il loro mangime in tre pasti separati.Al mattino, dà il suo gregge di polli 15 tazze di mangime.Nel pomeriggio, dà alle sue polli altre 25 tazze di mangime.Di quante tazze di mangime hanno bisogno per dare le sue galline nel pasto finale della giornata se le dimensioni del gregge di Wendi sono 20 polli?",,20,
"Kylar andò al negozio per comprare occhiali per il suo nuovo appartamento.Un vetro costa $ 5, ma ogni secondo vetro costa solo il 60% del prezzo.Kylar vuole comprare 16 occhiali.Quanto ha bisogno di pagare per loro?",,64,
"Tolosa ha il doppio delle pecore di Charleston.Charleston ha 4 volte più pecore di Seattle.Quante pecore fanno Tolosa, Charleston e Seattle se Seattle ha 20 pecore?",,260,
"Carla sta scaricando un file da 200 GB.Normalmente può scaricare 2 GB/minuto, ma il 40% del download, Windows costringe un riavvio per installare gli aggiornamenti, che richiedono 20 minuti.Quindi Carla deve riavviare il download dall'inizio.Come è necessario il caricamento per scaricare il file?",,160,
"John guida per 3 ore a una velocità di 60 mph e poi si gira perché si rende conto di aver dimenticato qualcosa di molto importante a casa.Cerca di tornare a casa tra 4 ore, ma trascorre le prime 2 ore nel traffico di fermo.Trascorre la prossima mezz'ora a guidare a una velocità di 30 miglia all'ora, prima di poter guidare il tempo rimanente delle 4 ore a 80 mph.Quanto è lontano da casa alla fine di quelle 4 ore?",,45,
"La tariffa di Eliza all'ora per le prime 40 ore lavora ogni settimana è di $ 10.Riceve anche una retribuzione straordinaria di 1,2 volte la sua tariffa oraria regolare.Se Eliza ha lavorato per 45 ore questa settimana, quanto sono i suoi guadagni per questa settimana?",,460,
"Un nuovo programma aveva 60 download nel primo mese.Il numero di download nel secondo mese è stato di tre volte più dei download nel primo mese, ma poi ridotti del 30% nel terzo mese.Quanti download ha avuto il programma in totale nei tre mesi?",,366,
"Toula andò al forno e acquistò vari tipi di pasticcini.Ha comprato 3 dozzine di ciambelle che costano $ 68 per dozzina, 2 dozzine di mini cupcakes che costano $ 80 per dozzina e 6 dozzine di mini cheesecakes per $ 55 per dozzina.Quanto era il costo totale?",,694,
"Carlos sta piantando un albero di limone.L'albero costerà $ 90 per piantare.Ogni anno crescerà 7 limoni, che può vendere per $ 1,5 ciascuno.Costa $ 3 all'anno per annaffiare e nutrire l'albero.Quanti anni ci vorranno prima che inizi a guadagnare denaro sull'albero del limone?",,13,
"Melanie è una commessa porta a porta.Ha venduto un terzo dei suoi aspirapolvere alla Green House, altri 2 alla Red House e metà di ciò che è rimasto alla Orange House.Se Melanie ha rimasti 5 aspirapolvere, quanti ne ha iniziati?",,18,
"In una classe di danza di 20 studenti, il 20% si è iscritto alla danza contemporanea, il 25% dei restanti si è iscritto alla danza jazz e il resto si è iscritto alla danza hip-hop.Quale percentuale di tutti gli studenti iscritti alla danza hip-hop?",,60,
"Un commerciante vuole fare una scelta di acquisto tra 2 piani di acquisto: gioielli per un valore di $ 5.000 o gadget elettronici per un valore di $ 8.000.Il suo consulente finanziario ipotizza che il mercato dei gioielli aumenterà del 2,5% mentre il mercato dei gadget elettronici aumenterà dell'1,2% nello stesso mese.Se il commerciante sta cercando di massimizzare il profitto alla fine di questo mese facendo una scelta, quanto profitto sarebbe questo?",,125,
"Due treni lasciano San Rafael allo stesso tempo.Cominciano a viaggiare verso ovest, entrambi viaggiando per 80 miglia.Il giorno successivo, viaggiano verso nord, coprendo 150 miglia.Qual è la distanza coperta da ogni treno nei due giorni?",,230,
"Jill viene pagato $ 20 l'ora per insegnare e $ 30 per essere un allenatore di cheerleader.Se lavora 50 settimane all'anno, 35 ore a settimana come insegnante e 15 ore a settimana come allenatore, qual è il suo stipendio annuale?",,57500,
Claire fa una frittata di 3 uova ogni mattina per colazione.Quante dozzine di uova mangerà tra 4 settimane?,,7,
"Marissa sta facendo un'escursione su un sentiero di 12 miglia.Ha impiegato 1 ora per camminare per le prime 4 miglia, poi un'altra ora per camminare per le due miglia successive.Se vuole che la sua velocità media sia 4 miglia all'ora, che velocità (in miglia all'ora) ha bisogno di percorrere la distanza rimanente?",,6,
"Ho 10 litri di bevanda arancione che sono due terzi di acqua e desidero aggiungerlo a 15 litri di bevanda all'ananas che è tre quinti in acqua.Ma mentre lo vendo, mi rovescia un litro di bevanda arancione.Quanta acqua è nei restanti 24 litri?",,15,
"Raymond e Samantha sono cugini.Raymond è nato 6 anni prima di Samantha.Raymond aveva un figlio all'età di 23 anni. Se Samantha ora ha 31 anni, quanti anni fa è nato il figlio di Raymond?",,14,
Billy vende DVD.Martedì ha 8 clienti.I suoi primi 3 clienti acquistano un DVD ciascuno.I suoi prossimi 2 clienti acquistano 2 DVD ciascuno.I suoi ultimi 3 clienti non acquistano alcun DVD.Quanti DVD ha venduto Billy martedì?,,7,
Una candela si scioglie di 2 centimetri ogni ora che brucia.Quanti centimetri più corti sarà una candela dopo aver bruciato dalle 13:00 alle 17:00?,,8,
"Kyle ha acquistato il libro più venduto dell'anno scorso per $ 19,50.Questo è con uno sconto del 25% dal prezzo originale.Qual era il prezzo originale del libro?",,26,
"Marie ha ordinato un pasto di pollo che costa $ 12, 5 pacchetti di latte che costa $ 3 ciascuno, 4 mele che costano $ 1,50 ciascuno e alcune scatole di pizza.Marie ha pagato un totale di $ 50.Quante scatole di pizza hanno ordinato Marie se ogni scatola costa $ 8,50?",,2,
"Mishka acquistò 3 paia di pantaloncini, 3 paia di pantaloni e 3 paia di scarpe.Una coppia di pantaloncini costa $ 16,50.Un paio di pantaloni costa $ 22,50 e un paio di scarpe costa $ 42.Quanti dollari ha speso Mishka per tutti gli oggetti di abbigliamento?",,243,
"Cynthia mangia una porzione di gelato ogni notte.Acquista cartoni di gelato con 15 porzioni di gelato per cartone al costo di $ 4,00 per cartone.Dopo 60 giorni, quanto spenderà per il gelato?",,16,
Henry fece due fermate durante il suo viaggio in bicicletta di 60 miglia.Si è fermato per la prima volta dopo 20 miglia.La sua seconda fermata è stata di 15 miglia prima della fine del viaggio.Quante miglia ha viaggiato tra la sua prima e la seconda fermata?,,25,
"Gloria sta shopping per scarpe quando si imbatte in un paio di stivali che si adattano al budget per le scarpe.Tuttavia, deve scegliere tra gli stivali e due coppie di tacchi alti che insieme costano cinque dollari in meno degli stivali.Se una coppia di tacchi costa $ 33 e l'altro costa il doppio, quanti dollari sono gli stivali?",,104,
"Darrell e Allen's Età hanno un rapporto di 7:11.Se la loro età totale ora è di 162 anni, calcola l'età di Allen tra 10 anni.",,109,
Gunter sta cercando di contare le gelatine in un barattolo.Chiede ai suoi amici quanti pensano siano nel barattolo.Uno dice 80. Un altro dice 20 in più della metà del primo.Un terzo dice il 25% in più rispetto al primo.Qual è la loro ipotesi media?,,80,
"John si prende cura di 10 cani.Ogni cane impiega 0,5 ore al giorno per camminare e prendersi cura della propria attività.Quante ore alla settimana trascorre prendersi cura dei cani?",,35,
Gretchen ha 110 monete.Ci sono altre 30 monete d'oro rispetto alle monete d'argento.Quante monete d'oro ha Gretchen?,,70,
"Siobhan ha 2 gioielli in meno di Aaron.Aaron ha 5 gioielli in più rispetto alla metà dei gioielli di Raymond.Se Raymond ha 40 gioielli, quanti gioielli ha Siobhan?",,23,
"Mike gioca a Ping Pong per 40 minuti.Nei primi 20 minuti, segna 4 punti.Nel secondo 20 minuti, segna il 25% in più di punti.Quanti punti totali ha segnato?",,9,
"Terry mangia 2 yogurt al giorno.Sono attualmente in vendita a 4 yogurt per $ 5,00.Quanto trascorre in yogurt per oltre 30 giorni?",,75,
John prevede di vendere tutti i suoi giocattoli e usare i soldi per acquistare videogiochi.Ha 13 set Lego e li vende per $ 15 ciascuno.Finisce per acquistare 8 videogiochi per $ 20 ciascuno e resta $ 5.Quanti set Lego ha ancora?,,2,
John corre 60 miglia a settimana.Corre 3 giorni alla settimana.Gestisce 3 ore il primo giorno e la metà degli altri due giorni che corre.Quanto velocemente corre?,,10,
"Dana può correre a una velocità di velocità quattro volte più veloce di quanto possa camminare, ma può saltare a una velocità che è la metà più veloce che può correre.Se può saltare a 3 miglia all'ora, quante miglia può viaggiare in sei ore se trascorre un terzo del tempo a correre e due terzi del tempo a camminare?",,18,
"L'iPhone di Brandon è quattro volte vecchio come l'iPhone di Ben.L'iPhone di Ben è due volte più vecchio dell'iPhone di Suzy.Se l'iPhone di Suzy ha 1 anno, quanti anni ha l'iPhone di Brandon?",,8,
"Il grande drago, Perg, si sedette in alto in cima a Monte Farbo, respirando fuoco su qualsiasi distanza di 1000 piedi.Polly poteva gettare il giavellotto d'oro, l'unica arma conosciuta che poteva slittare il drago, per una distanza di 400 piedi, ben alla portata delle fiamme del drago.Ma quando Polly teneva la pietra preziosa di zaffiro, poteva gettare il giavellotto tre volte più lontano di quando non si tiene la gemma.Se tengono la gemma, quanto lontano dalla portata delle fiamme del drago potrebbe stare in piedi e colpire ancora il drago con il giavellotto d'oro?",,200,
"La nonna Jones ha cotto 5 torte di mele per il pranzo del pompiere.Ha tagliato ogni torta in 8 pezzi e ha messo le cinque torte sul tavolo a buffet affinché gli ospiti possano servire da soli.Alla fine della sera, dopo che gli ospiti avevano preso e mangiato i loro pezzi di torta, rimanevano 14 pezzi di torta.Quanti pezzi sono stati prelevati dagli ospiti?",,26,
"Secondo le sue informazioni nutrizionali, un sacchetto di patatine ha 250 calorie per porzione.Se una borsa da 300 g ha 5 porzioni, quanti grammi puoi mangiare se il tuo obiettivo calorico giornaliero è 2000 e hai già consumato 1800 calorie?",,48,
"Charlie vuole vendere candele d'api.Per ogni chilo di cera d'api, può realizzare 10 candele affusolate.Una libbra di cera d'api e gli stoppini costa $ 10,00 in materiali di consumo.Se vende ogni candela per $ 2,00 ciascuno, qual è il suo profitto netto se fa e vende 20 candele?",,20,
"Meredith è un blogger freelance che scrive di argomenti di salute e si sottomette ai clienti ogni giorno come lavoro permanente.Un articolo del blog impiega una media di 4 ore per ricercare e scrivere.La scorsa settimana, ha scritto 5 articoli il lunedì e 2/5 volte più articoli il martedì rispetto a lunedì.Mercoledì ha scritto il doppio del numero di articoli che ha scritto martedì.Calcola il numero totale di ore che ha trascorso a scrivere articoli nei tre giorni.",,104,
"Candice ha messo 80 appunti post-it nella sua borsa prima di dirigersi verso il suo lavoro nella caffetteria.Sulla sua strada, si fermò al negozio e acquistò un pacchetto di appunti post-it;Al lavoro, ha messo una sola nota post-it su ciascuna delle 220 diverse tazze di caffè.Se aveva 23 appunti post-it rimanenti in generale, quante note post-it erano nel pacchetto che ha acquistato?",,163,
John acquista il doppio dei legami rossi dei legami blu.I legami rossi costano il 50% in più rispetto ai legami blu.Ha speso $ 200 in legami blu che costano $ 40 ciascuno.Quanto ha speso per i legami?,,800,
Tracy ha usato un pezzo di filo lungo 4 piedi per supportare le piante di pomodoro nel giardino.Il filo è stato tagliato a pezzi lunghi 6 pollici.Quanti pezzi ha ottenuto?,,8,
Richard vive in un condominio con 15 piani.Ogni piano contiene 8 unità e 3/4 dell'edificio sono occupati.Qual è il numero totale di unità non occupate nell'edificio?,,30,
Lloyd ha una fattoria di uova.Le sue galline producono 252 uova al giorno e le vende per $ 2 per dozzina.Quanto fa Lloyd sulle uova a settimana?,,294,
La nave di Tom può viaggiare a 10 miglia all'ora.Sta navigando dalle 13 alle 16.Quindi viaggia a una velocità di 6 mph.Quanto tempo ci vuole per tornare?,,5,
"La borsa del libro di Uriah sta diventando troppo pesante per lui.Deve rimuovere 15 chili da esso.I suoi fumetti pesano 1/4 libbre ciascuno e i suoi giocattoli pesano 1/2 libbra ciascuno.Se rimuove 30 fumetti, quanti giocattoli deve rimuovere?",,15,
"Un meccanico addebita tariffe diverse per riparare le gomme di camion e auto.Per ogni pneumatico per camion che viene riparato, il meccanico addebiterà $ 60 e per ogni pneumatico per auto che viene riparato, il meccanico addebiterà $ 40.Giovedì, il meccanico ripara 6 pneumatici per camion e 4 pneumatici per auto.Venerdì, il meccanico ripara 12 auto e non ripara i pneumatici per camion.Quanto più entrate hanno guadagnato il meccanico durante il giorno con entrate più elevate?",,40,
"Le sorelle dei dubbi stanno tornando a casa con 7 gattini adottati dal rifugio per animali locali quando la madre chiama per informarli che i loro due gatti di casa hanno appena avuto i gattini.Dice che irregolare, il primo gatto, ha avuto tre volte il numero di gattini adottati, mentre Trixie, l'altro gatto, ha avuto 12. Quanti gattini ha la famiglia di dubbi ora?",,40,
"Jean ha 30 lecca.Jean mangia 2 dei lecca -lecca.Con i lecca -lecca rimanenti, Jean vuole impacchettare 2 lecca in una borsa.Quante borse può riempire Jean?",,14,
"Peter ha in programma di andare al cinema questa settimana.Ottiene sempre un biglietto per $ 7 e popcorn per $ 7.Se ha 42 dollari per la settimana, quante volte può andare al cinema?",,3,
"Un ponte di legno non può trasportare più di 5000 libbre.Un camion di consegna riempito con scatole identiche, ciascuna del peso di 15 chili, passerà oltre il ponte.Il peso combinato del conducente e il camion vuoto è di 3755 libbre.Qual è il numero massimo di scatole che possono essere caricate sul camion senza superare il limite di peso del ponte?",,83,
"Stephen ha effettuato un ordine online per la spesa.Il suo ultimo conto è arrivato a $ 40,00.Poiché questo è stato attraverso un fornitore di consegne, hanno attaccato una commissione del 25% al ​​suo totale finale e gli hanno addebitato $ 3,00 in commissioni di consegna.Stephen ha anche aggiunto un suggerimento di $ 4,00.Dopo le commissioni extra, qual era il prezzo finale dei generi alimentari di Stephen?",,57,
Un cespuglio di lampone ha 6 gruppi di 20 frutti ciascuno e 67 singoli frutti sparsi attraverso il cespuglio.Quante lamponi ci sono in totale?,,187,
"Un cestino contiene 25 arance tra cui 1 è cattivo, il 20% è acerbo, 2 sono aspri e il resto è buono.Quante arance sono buone?",,17,
"Janet compra una spilla per sua figlia.Paga $ 500 per il materiale per farlo e poi un altro $ 800 affinché il gioielliere lo costruisca.Dopodiché, ne paga il 10% per assicurarlo.Quanto ha pagato?",,1430,
"Se Marcy lavora per la stessa azienda per 40 anni, ottiene una pensione annuale di $ 50.000/anno.A partire da 20 anni, ha diritto al 5% del valore della pensione all'anno.Se smette dopo 30 anni, quale sarà la sua pensione annuale?",,25000,
"Aleena si è iscritta a un servizio di streaming che gli addebita $ 140 al mese.Se la società di streaming le ha addebitato l'importo iniziale per la prima metà dell'anno e poi le ha addebitato il 10% in meno di denaro sull'altra metà dell'anno, calcola l'importo totale che aveva pagato per il servizio di streaming entro la fine dell'anno.",,1596,
Sophia sta pensando di fare un viaggio in auto e vorrebbe sapere fino a che punto può guidare su un singolo serbatoio di gas.Ha viaggiato per 100 miglia dall'ultima volta che ha riempito il suo carro armato e ha bisogno di mettere di nuovo 4 litri di gas per riempirlo di nuovo.Il manuale del proprietario per la sua auto dice che il suo carro armato contiene 12 litri di gas.Quante miglia può guidare Sophia su un singolo serbatoio di gas?,,300,
Jim trascorre 2 ore a guardare la TV e poi decide di andare a letto e legge per metà.Lo fa 3 volte a settimana.Quante ore trascorre in TV e leggendo in 4 settimane?,,36,
"Ci sono quattro scuole in competizione in un torneo di basket.Ogni scuola ha inviato una squadra di basket femminile e una squadra di basket per ragazzi e ogni squadra ha 5 giocatori ciascuno.Ogni scuola ha anche inviato un allenatore per ogni squadra.In totale, quante persone hanno inviato tutte le scuole?",,48,
"Un cacciatore di tesori ha trovato un tesoro sepolto pieno di gemme.C'erano 175 diamanti, 35 rubini in meno rispetto ai diamanti e il doppio del numero di smeraldi rispetto ai rubini.Quante gemme c'erano nel petto?",,595,
"Ci sono il doppio dei ragazzi delle ragazze della scuola del Dr. Wertz.Se ci sono 60 ragazze e 5 studenti per ogni insegnante, quanti insegnanti ci sono?",,36,
"Bailey inizia con una certa somma di denaro.Quindi riceve un'indennità settimanale di $ 5 per 8 settimane.Alla fine delle 8 settimane, se ha un totale di $ 100, con quanti soldi ha iniziato Bailey?",,60,
"Judy insegna 5 lezioni di danza, ogni giorno, nei giorni feriali e 8 lezioni di sabato.Se ogni classe ha 15 studenti e addebita $ 15,00 per studente, quanti soldi guadagna in 1 settimana?",,7425,
"Kelian ha due ricette per la preparazione di piatti, una con 20 istruzioni e la seconda con il doppio delle istruzioni delle prime.Quante istruzioni deve leggere Kelian per preparare i due piatti?",,60,
"Tommy è raccolta fondi per la sua organizzazione benefica vendendo brownies per $ 3 a fetta e cheesecakes per $ 4 a fetta.Se Tommy vende 43 brownies e 23 fette di cheesecake, quanti soldi raccoglie Tommy?",,221,
Shiela ha acquistato cinque telefoni cellulari per $ 150 ciascuno per una puntata di 3 mesi.Un interesse del 2% verrà addebitato per ciascuna unità.Quanto pagherà Shiela ogni mese per 3 mesi?,,255,
"Artie ha un supporto di fiori al mercato degli agricoltori.Vende tre tipi di fiori: calendule, petunie e begonias.Di solito vende calendule per $ 2,74 per vaso, petunias per $ 1,87 per vaso e begonie per $ 2,12 per vaso.Artie non ha alcun cambiamento oggi, quindi ha deciso di arrotondare tutti i suoi prezzi al dollaro più vicino.Se Artie vende 12 vasi di calendule, 9 vasi di petunie e 17 vasi di begonie, quanto farà?",,88,
"Luke trascorre del tempo in Beach Building Sandcastles.Alla fine nota che ogni livello di sabbia avrà metà del filmato quadrato come livello sotto di esso.Se produce un sabbia a 4 livellati in cui il livello superiore ha un filmato quadrato di 16, qual è il filmato medio quadrato di un livello?",,60,
"Cecilia ha appena acquistato un nuovo cucciolo.Secondo il suo veterinario, deve nutrire ogni giorno il cucciolo di cibo per cani per i primi 180 giorni.Quindi deve nutrire ogni giorno le tazze di cuccioli 2 di cibo per cani per il resto della sua vita.Se un sacchetto di cibo per cani contiene 110 tazze, quante sacchi di cibo per cani utilizzerà Cecilia nel primo anno?",,5,
"Se Raymond fa la metà del bucato di Sarah, e Sarah fa 4 volte più la biancheria di David, calcola la differenza nella quantità di lavanderia Raymond e David fa se Sarah fa 400 libbre di lavanderia.",,100,
"Vincent può acquistare fiori in pacchetti di 3 per $ 2,50 o in pacchetti di 2 per $ 1.Quanti soldi risparmia acquistando 18 fiori al prezzo migliore?",,6,
"John adotta un cane.Porta il cane dal toelettatore, che costa $ 100.Il toelettatore gli offre uno sconto del 30% per essere un nuovo cliente.Quanto costa la toelettatura?",,70,
Due ragazze hanno ottenuto 1/6 dei 24 litri di acqua.Quindi un ragazzo ha ottenuto 6 litri di acqua.Quanti litri d'acqua sono rimasti?,,10,
Charlie aveva 10 adesivi.Ha comprato 21 adesivi da un negozio nel centro commerciale e ha ottenuto 23 adesivi per il suo compleanno.Quindi Charlie ha dato 9 degli adesivi a sua sorella e ha usato 28 per decorare un biglietto di auguri.Quanti adesivi ha lasciato Charlie?,,17,
La grazia pesa 125 libbre.Alex pesa 2 chili in meno di 4 volte ciò che la grazia pesa.Quali sono i loro pesi combinati in chili?,,623,
Dan pianta 3 cespugli di rose.Ogni cespuglio di rose ha 25 rose.Ogni rosa ha 8 spine.Quante spine ci sono in totale?,,600,
Una squadra di calcio ha giocato 22 partite.Hanno vinto 8 in più di quanto hanno perso.Quanti hanno vinto?,,15,
Il gene sta cucendo una trapunta dalle vecchie magliette di souvenir.Ha una maglietta da ogni vacanza in cui è stato.Ogni maglietta è il suo blocco di trapunta.Ogni riga è realizzata con blocchi da un diverso anno di vacanze.Va in quattro vacanze all'anno ed è in vacanza da quando aveva 23 anni.Ora ha 34 anni. Quanti blocchi di trapunta ha in totale?,,44,
"Greg ha un allarme che suona tre volte al giorno come promemoria.Quando l'allarme suona, continua a squillare fino a quando Greg non lo spegne.La prima volta è uscito oggi, ha suonato quattro volte.La seconda volta è uscito, ha suonato per tre volte la prima volta.La terza volta, ha suonato per la metà della seconda volta.Quante volte l'allarme ha squillato in tutto?",,22,
"Una società paga a ciascuno dei suoi dipendenti $ 600 in un mese.La società ha la politica di aumentare gli stipendi di ciascuno dei suoi dipendenti del 10% dello stipendio iniziale ogni anno per coloro che sono rimasti in azienda per cinque anni.Se Sylvie ha appena registrato 5 anni in compagnia lo scorso dicembre, qual è il suo stipendio annuale dopo altri tre anni di servizio?",,9360,
"Il primo record di Marilyn ha venduto 10 volte più copie di Harald's.Se hanno venduto 88.000 copie combinate, quante copie ha venduto Harald?",,8000,
"Christina sta organizzando una festa di compleanno e ha bisogno di sacchetti regalo .75 per ospite invitato, perché 1/4 dei partecipanti non si presenta.Ha invitato 16 amici.I sacchetti regalo costano $ 2 ciascuno.Quanto spenderà?",,24,
"Ted the T-Rex stava pianificando di portare insalata di patate al picnic di dinosauro.Sa che un dinosauro adulto mangerà 10 libbre di insalata di patate e un bambino mangerà la metà di un adulto.Se ci saranno 20 adulti e 5 bambini al picnic, di quante chili di insalata di patate ha bisogno di Ted per portare al picnic se spera di avere abbastanza per nutrire tutti?",,225,
"Jan ha tre volte il numero di animali domestici come Marcia.Marcia ha due animali domestici in più di Cindy.Se Cindy ha quattro animali domestici, quanti animali totali hanno i tre?",,28,
"Emily ha 4 bambini di nome Amy, Jackson, Corey e James.Amy ha 5 anni più di Jackson e 2 anni più giovane di Corey.Se James ha 10 anni e ha 1 anno più giovane di Corey, quanti anni ha Jackson?",,4,
"Lee era in grado di eseguire gli ostacoli di 400 metri due secondi più velocemente di quanto Gerald avrebbe eseguito gli ostacoli da 400 metri.Ma Gerald ha cambiato la sua dieta, il che ha migliorato la sua velocità del 10%.Se Lee esegue gli ostacoli di 400 metri in 38 secondi, quanto velocemente può Gerald, con la sua dieta migliorata, eseguire gli ostacoli di 400 metri, in pochi secondi?",,36,
"In un quartiere, il numero di animali domestici di conigli è dodici in meno rispetto al numero combinato di cani e gatti.Se ci sono due gatti per ogni cane e il numero di cani è 60, quanti animali domestici in totale sono nel quartiere?",,348,
"Dei 200 studenti di grado 5, 2/5 sono ragazzi e 2/3 delle ragazze sono nella Girl Scout.Quante ragazze non sono nella ragazza scout?",,40,
Harry ha dormito 9 ore la scorsa notte.Il suo amico James ha dormito solo 2/3 di ciò che Harry ha dormito.Quante ore hanno dormito Harry di James?,,3,
"Quando Freda cucina i pomodori in scatola in salsa, perdono metà del loro volume.Ogni lattina da 16 once di pomodori che usa contiene tre pomodori.L'ultimo lotto di salsa di pomodoro di Freda ha realizzato 32 once di salsa.Quanti pomodori ha usato Freda?",,12,
"Le auto si sono messe in fila in autostrada.Alcune auto passano attraverso i primi 15 minuti di ingorgo, quindi altre 20 auto passano attraverso i restanti 15 minuti di marmellata.5 auto dalla linea prendono un'uscita in modo da non dover guidare attraverso il traffico.Se in origine c'erano 30 auto in autostrada, quante auto attraversavano il traffico nei primi 15 minuti?",,5,
"Mary è un'avida giardiniere.Ieri ha ricevuto 18 nuove piante in vaso dal suo asilo per piante preferito.Ha già 2 piante in vaso su ciascuna delle 40 sporgenze delle finestre della sua grande casa di campagna.Sentendosi generosi, ha deciso che darà 1 pianta in vaso da ogni sporgenza ad amici e familiari domani.Con quante piante in vaso rimarranno Maria?",,58,
"Jerome aveva 4 amici che venivano a trovarlo in un certo giorno.Il primo amico ha premuto il campanello 20 volte prima dell'apertura di Jerome, il secondo amico ha premuto il campanello 1/4 volte in più del primo amico di Jerome.Il terzo amico ha premuto il campanello 10 volte più del quarto amico.Se il quarto amico ha premuto il campanello 60 volte, quanti anelli del campanello hanno fatto il campanello?",,175,
"Solo deve leggere 4 pagine dal suo libro di testo scientifico, 20 pagine dal suo libro di testo di studi sociali, 7 pagine dal suo libro di testo di storia e 8 pagine dal suo libro di testo di geografia.Solo leggi 15 pagine lunedì.Se ha altri 4 giorni per completare tutta la sua lettura, quante pagine ha bisogno di leggere, in media, in un giorno?",,6,
"A John piace avere un bicchiere d'acqua con colazione, pranzo e cena.Alla fine, ne ha uno prima di andare anche a letto.John lo fa tutti i giorni feriali, ma nei fine settimana gli piace rilassarsi e invece cenare con una soda.Quanti bicchieri d'acqua bevono John in una settimana?",,26,
"Una banca nebbia arriva dall'oceano per coprire una città.Ci vogliono 10 minuti per coprire ogni 3 miglia della città.Se la città si trova a 42 miglia di fronte all'oceano fino al bordo interiore opposto, quanti minuti ci vorranno per la banca della nebbia per coprire l'intera città?",,140,
"Poppy sta risolvendo un puzzle da 1000 pezzi.Mette un quarto dei pezzi sul tabellone, poi sua madre mette un terzo dei pezzi rimanenti.Quanti pezzi di puzzle sono rimasti da posizionare?",,500,
"Cody mangia tre volte più biscotti di Amir.Se Amir mangia 5 biscotti, quanti biscotti mangiano entrambi insieme?",,20,
John ha 3 scatole.Ogni scatola è di 5 pollici per 6 pollici per 4 pollici.Le pareti hanno uno spessore di 1 pollice.Qual è il volume interno totale di tutte e 3 le caselle?,,72,
"Frankie guarda la TV dopo aver finito i compiti ogni sera.Lunedì e martedì ha visto un episodio di 1 ora del suo programma preferito ogni notte.Mercoledì ha visto alcuni episodi di uno spettacolo di 30 minuti.Giovedì ha terminato i compiti presto e ha visto un episodio di 1 ora e uno spettacolo di 30 minuti.Venerdì, ha avuto modo di rimanere sveglio fino a tardi per il fine settimana, quindi ha visto due episodi di 1 ora.Se ha visto 7 ore di TV in tutto, quanti episodi di 30 minuti hanno guardato mercoledì?",,3,
"Henry sta preparando i biscotti per una competizione di cottura locale.Vuole farne il doppio rispetto all'anno scorso.Quando finisce di cuocere, si rende conto di aver effettivamente cotto 15 biscotti in più di quanto intendesse.Lascia cadere 5 dei suoi biscotti mentre li sta facendo raffreddare e ora ha un totale di 110 biscotti.Quanti biscotti Henry ha preparato l'anno scorso?",,50,
"Una stazione di servizio locale sta vendendo gas per $ 3,00 al gallone.Una società di app offre un cashback da $ 0,20 per gallone se si riempie in questa stazione.Se qualcuno compra 10 litri di gas, quanto è con il loro gas, dopo i premi dei cashback?",,28,
"Marcell e Beatrice stanno organizzando una gara per vedere chi può mangiare il maggior numero di roll-up di frutta, quindi srotolano quanti ne possono trovare.Sfortunatamente, qualcuno commette un errore e Beatrice è stata larga due roll-up e 24 rimpasti lunghi mentre Marcell's era largo 3 roll-up e lunghi 14 roll-up.Se entrambi hanno mangiato il loro intero importo, quanti hanno mangiato in media?",,45,
La barca di Julia lanciò una perdita mentre era fuori sul lago.La barca stava assumendo due litri d'acqua per ogni dieci piedi remava di nuovo verso la riva.Ci vollero sedici secondi per remare venti piedi.La riva era di 64 secondi di distanza.Quanta acqua aveva assunto la barca quando Julia raggiunse la riva?,,16,
"Un'aula ha una lavagna condivisa tra i 4 insegnanti che si alternano usando la classe.Ogni insegnante ha 2 lezioni al giorno e usa la lavagna in ogni lezione.Se la lavagna viene pulita 3 volte per lezione, quante volte la lavagna è pulita in un giorno?",,24,
"Ryan pianta 2 fiori al giorno nel suo giardino.Dopo 15 giorni, quanti fiori ha se 5 non è cresciuto?",,25,
"Il telefono di Jamal può contenere 6 volte più fotografie di quelle che possono il telefono di Brittany.Il numero massimo di fotografie che il telefono di Brittany può contenere è 50 volte più del numero di uccelli nella fotografia di The Ducks di Jamal allo zoo.Se il telefono di Jamal può contenere 1800 fotografie, quante anatre possono essere viste nella fotografia di Ducks di Jamal allo zoo?",,6,
"Sasha nota che i prezzi per il legname sono aumentati del 50% negli ultimi mesi dopo aver acquistato un po 'di legname.Dato che ha gli avanzi, decide di venderli.Ha le restazioni a dieci schede 2 x 4 x 10 che le costano $ 10 ciascuna.Ha anche cinque tavole da 4 x 4 x 10 che ha acquistato per $ 16 ciascuno.Se li vende tutti, quanti profitti fa?",,90,
"Katy prepara il caffè usando cucchiaini di zucchero e tazze d'acqua nel rapporto di 7:13.Se ha usato un totale di 120 cucchiaini di zucchero e tazze d'acqua, calcola il numero di cucchiaini di zucchero che ha usato.",,42,
John acquista 2 paia di scarpe per ciascuno dei suoi 3 figli.Costano $ 60 ciascuno.Quanto ha pagato?,,360,
"Un ufficiale doganale nel porto principale delle autorizzazioni sul mare contava 2 contenitori di veicoli importati, ciascuno con 5 veicoli all'interno.Il giorno successivo, furono introdotti più contenitori e il numero totale di veicoli nel porto divenne 30. Calcola il numero di contenitori che venivano importati nel secondo giorno, supponendo che tutti i contenitori contengano 5 veicoli.",,4,
"Lo stipendio totale di Adrien era superiore del 30 percento rispetto a quello di Lylah.Quattro anni dopo, il suo stipendio era aumentato e stava guadagnando il 40% in più rispetto a quello che stava facendo quattro anni fa.Se lo stipendio di Adrien e Lylah aumentava contemporaneamente e Adrien ha guadagnato $ 40000 quattro anni fa, calcola lo stipendio totale che i due stavano ricevendo quattro anni dopo?",,95200,
"Miguel usa 2 cuscinetti di carta a settimana per il suo disegno.Se ci sono 30 fogli di carta su un cuscinetto di carta, quanti fogli di carta usano ogni mese?",,240,
"A Morisette e Kael è stato chiesto di portare frutti.Morisette ha portato 5 mele e 8 arance, mentre Kael ha portato il doppio della quantità di mele e metà del numero di arance rispetto a Morisette.Quanti frutti hanno in totale?",,27,
"Sadie ha dormito 8 ore lunedì.Per i due giorni successivi, ha dormito 2 ore in meno, ciascuno, perché ha dovuto completare alcuni incarichi.Se il resto della settimana ha dormito 1 ora in più di quei due giorni, quante ore ha dormito in totale per tutta la settimana?",,48,
"Rosie può correre 10 miglia all'ora per 3 ore.Dopodiché, corre 5 miglia all'ora.Quante miglia può correre in 7 ore?",,50,
"Jennie sta aiutando nell'ufficio di sua madre.Ha una pila di 60 lettere che necessitano di francobolli e un mucchio di lettere già stampato.Mette i francobolli su un terzo delle lettere che necessitano di francobolli.Se ora ci sono 30 lettere nella pila di lettere già stamparie, quante erano in quella pila quando ha iniziato Jennie?",,10,
"Julia si stava preparando per una cena a casa sua, dove intendeva servire lo stufato.Ha notato che era senza cucchiai di plastica, quindi ha acquistato un nuovo pacchetto di cucchiai.Più tardi, suo marito acquistò anche un pacchetto di 5 nuovi cucchiai e li diede a Julia.Mentre Julia stava facendo lo stufato, ha usato tre dei cucchiai per assaggiare il suo stufato.Più tardi, quando andò a fissare il tavolo, aveva un totale di 12 cucchiai.Quanti cucchiai erano nel pacchetto acquistato da Julia?",,10,
Dylan aveva bisogno di salsicce di pollo e salsicce di pesce per preparare panini da salsiccia a una festa.Ha comprato 38 salsicce di pollo e altre 6 salsicce di pesce rispetto alle salsicce di pollo.Quante salsicce ha acquistato Dylan in tutto?,,82,
"Dopo essersi trasferito in una nuova scuola, Amy ha fatto più di 20 amici di Lily.Se Lily ha stretto 50 amici, quanti amici hanno Lily e Amy insieme?",,120,
"La madre di Well vende angurie, peperoni e arance nel negozio locale.Un'anguria costa tre volte ciò che ogni pepe costa.Un'arancia costa 5 in meno di quanto costa un'anguria.Dillon viene inviato al negozio per acquistare 4 angurie, 20 peperoni e 10 arance.Qual è la quantità totale di denaro che spenderà se ogni pepe costa 15 $?",,880,
Un ospedale vede 500 persone al giorno.Ogni paziente è visto per una media di 24 minuti.I medici addebitano $ 150 l'ora in ospedale e l'ospedale addebita i pazienti $ 200 l'ora.Quanto profitto fa l'ospedale da queste visite?,,10000,
"Nissa assume 60 lavoratori stagionali per giocare a elfi nel Santa Village del suo grande magazzino.Un terzo degli Elfi si è lasciato dopo che i bambini vomitano su di loro, quindi 10 degli Elfi rimanenti si sono lasciati dopo che i bambini hanno preso a calci i loro stinchi.Quanti elfi sono rimasti?",,30,
"La spesa di Giuseppe a maggio è stata di $ 500.A giugno, le sue spese erano di $ 60 in meno.Quanto sono state le sue spese totali per quei due mesi?",,940,
"Pam e Fred andarono in un carnevale.Pam ha guidato le montagne russe 2 volte mentre Fred l'ha cavalcata 4 volte.Successivamente, ognuno di loro ha deciso di cavalcare il Luge 2 volte.Se ogni corsa costava 6 biglietti, quanti biglietti usavano quel giorno?",,60,
Lunedì Walt ha camminato per 4 miglia.Martedì ha camminato 6 volte più miglia che ha camminato lunedì.Il suo chilometraggio totale dal lunedì al mercoledì è stato di 41 miglia.Quante miglia ha camminato mercoledì?,,13,
Tom riceve 4 lavaggi da auto al mese.Se ogni autolavaggio costa $ 15 quanto paga in un anno?,,720,
"L'amico di Brian Bobby ha 5 in meno di 3 volte più videogiochi di Brian.Se Brian ha 20 videogiochi ma ha perso 5 proprio prima che venisse fatto il confronto, quanti hanno Bobby?",,40,
Sono rimasti 27 unicorni nel mondo.Un terzo di loro è negli altopiani scozzesi.Due terzi degli unicorni scozzesi sono donne.Quante donne scozzesi ci sono?,,6,
"Rory ordini 2 sottotitoli per $ 7,50 ciascuno, 2 sacchi di patatine per $ 1,50 ciascuno e 2 cookie per $ 1,00 ciascuno per la consegna.C'è una tassa di consegna del 20% aggiunta al check -out e vuole aggiungere un suggerimento di $ 5,00.Quanto costerà il suo ordine di consegna?",,29,
"Mark ha fatto un test ieri che consisteva in 75 domande.Ha completato il test a una tariffa di 5 domande all'ora.Oggi ha fatto un'altra prova di 100 domande allo stesso ritmo.Se Mark ha avuto 8 ore per completare il primo test e 6 ore per completare il secondo, quante domande ha lasciato incompleto?",,105,
"In una macchina per caramelle, ci sono 22 più di quattro volte il numero di gumball rosa in quanto ci sono gumball blu.Se ci sono 12 gumball blu quanti rosa ci sono?",,70,
"Delle 20 auto disponibili in affitto, 12 sono auto automatiche, 4 sono auto manuali e il resto è semiautomatico.Quale percentuale di auto è semiautomatica?",,20,
Ci sono 700 api in un alveare.Ci sono il doppio delle api operative delle api da bambino e ci sono il doppio dei bambini delle regine.Quante api lavoratrici ci sono?,,400,
La Giordania gioca ai videogiochi per 2 ore al giorno.Ha anche un lavoro part-time in cui guadagna $ 10 l'ora.Quanti soldi guadagnerebbe Jordan in una settimana se invece avesse trascorso il suo tempo a lavorare?,,140,
"John acquista latte per 2 dollari, uova per 3 dollari, lampadine per 3 dollari, tazze per 3 dollari e trappole di scarafaggi per 4 dollari.Se c'è un'imposta del 10% su tutti gli articoli non alimentari quanto è costato tutto.",,16,
"Kim ha iniziato la propria attività di pulizia e sta calcolando quanto profitto realizzerà dai suoi clienti.Ha già 3 clienti, ma sta parlando con altri 5 potenziali clienti e si sente abbastanza sicuro da includerli nei suoi calcoli.La casa di ogni cliente avrà bisogno di 2 bottiglie di candeggina e un pacchetto di panni da pulire.Le bottiglie di candeggina costeranno $ 2 ciascuna e i pacchetti di panni costeranno $ 5 ciascuno.Queste sono le sue uniche spese.Calcola che il suo reddito totale ogni settimana sarà di $ 92.Il profitto è la differenza tra il reddito totale e le spese totali, quindi quanti profitti, in dollari, farà Lucas ogni settimana?",,20,
John ha 10 ettari di un campo di ananas.Ci sono 100 ananas per ettaro.John può raccogliere i suoi ananas ogni 3 mesi.Quanti ananas possono raccogliere John entro un anno?,,4000,
Johnny sta raccogliendo i giocattoli sul pavimento della sua stanza.Aveva scaricato un set in scatola Lego con 500 pezzi sul pavimento e un altro che aveva 3 volte più pezzi di quello da 500 pezzi e un altro che aveva 1/4 del numero di pezzi.Quanti blocchi raccoglie Johnny se raccoglie tutti i Lego?,,2125,
"Debra sta monitorando un alveare per vedere quante api vanno e vengono in un giorno.Vede 30 api lasciare l'alveare nelle prime 6 ore, e poi vede 1/2 che molte api tornano nelle prossime 6 ore.Vede due volte più api che ha visto per primo lasciare l'alveare volare dall'alveare e partire nelle successive 6 ore.Quindi ogni api che era rimasta prima non era già tornata, ritorna all'alveare nelle successive 6 ore.Quante api ha visto Debra di tornare all'alveare nelle ultime 6 ore del giorno?",,75,
"Brittany e sua madre vanno al museo.Il costo dell'ammissione è di $ 12 per gli adulti e $ 10 per i bambini.La mamma di Brittany dà denaro alla cassa per 1 biglietto per bambini e 1 biglietto per adulti.Se ha ricevuto $ 8 in modifica, quanti soldi, in dollari, ha dato alla cassa?",,30,
"Charlie ha tre volte più amici di Facebook di Dorothy.James ha quattro volte più amici su Facebook di Dorothy.Se Charlie ha 12 amici su Facebook, quanti amici di Facebook hanno James?",,16,
"Steve e Tim decidono di vedere chi può tornare a casa dal più veloce.Steve vive più lontano di Tim, quindi gli è permesso andare in bici.Steve vive a 3 miglia dalla scuola e può andare in bicicletta a 440 piedi al minuto.Tim vive a 2 miglia di distanza dalla scuola.Se Tim può cavalcare il suo skateboard a 264 piedi al minuto, per quanto tempo il vincitore aspetterà a casa loro prima che il perdente finisca la gara?",,4,
"Shawnda decide che i suoi bambini del quartiere potrebbero davvero usare un servizio di inflazione in bicicletta.Decide che il modo migliore per caricare è dal pneumatico.Ogni pneumatico costa 25 centesimi per gonfiare.Il primo giorno, 5 persone in bicicletta sono arrivate per gonfiare entrambe le gomme.3 persone sono venute per gonfiare tutte le loro gomme per triciclo.Alla fine, una persona in realtà è arrivata su un monociclo.Quanti dollari ha guadagnato quel giorno?",,5,
"Carl acquista dieci pacchetti di biscotti.Ogni pacchetto di biscotti ha sei biscotti all'interno.Ogni cookie costa $ 0,10.Quanta modifica riceve Carl se paga con una fattura da $ 10?",,4,
"Dave acquistò un grosso branco di patatine francese e mangiava quattordici prima che un gabbiano affamato gli stesse fuori di mano.Quando il gabbiano sbarcò, inghiottì la metà della quantità di patatine fritte che Dave mangiava.Quindi tre piccioni lo hanno bullismo lontano dal cibo e ogni piccione mangiava tre patatine.Più tardi, un procione ha rubato due terzi delle patatine rimanenti.Le formiche hanno portato via un ultimo patto francese, lasciandoti cinque alle spalle.Quante patatine fritte erano nel branco quando Dave l'ha acquistata?",,48,
"Il lunedì, il mercoledì e il venerdì, lo studente universitario Kimo ha tre lezioni di 1 ora ogni giorno.Il martedì e il giovedì, ha due lezioni di 2 ore ogni giorno.In un semestre ci sono 16 settimane di scuola.In un semestre, quante ore spende Kimo frequentando le lezioni?",,272,
"Bill Bakes 300 involtini, 120 cornetti al cioccolato e 60 baguette ogni giorno.Ogni rotolo è lungo 4 pollici, ogni croissant è lungo 6 pollici e ogni baguette è lunga due piedi.Se Bill mette tutti i prodotti da forno da un capo all'altro, quanto tempo saranno in piedi?",,280,
"Lo Zookeeper nutre tutte le scimmie nello zoo.Ordina tutte le banane da una fattoria locale ogni 2 mesi.Se le scimmie hanno bisogno di 200 banane, i gorilla hanno bisogno di 400 banane e i babbuini hanno bisogno di 100 banane ogni mese, quante banane ha bisogno per durare per 2 mesi?",,1400,
"Blake e Kelly stanno organizzando un concorso per vedere chi può correre di più in 15 minuti.Decidono di farlo su un campo di calcio lungo 100 iarde.Blake corre avanti e indietro 15 volte.Kelly corre avanti e indietro una volta, quindi decide che non vuole correre accanto a Blake, quindi inizia a correre sulla linea di 40 yard e ritorno.Lo fa 34 volte.Quanto più lontano è il vincitore che il perdente?",,80,
"Raphael andò a comprare alcune materie prime scolastiche.Ha acquistato 4 penne che costano $ 1,5 ciascuna, 2 notebook che costano $ 4 ciascuno e un bordo di carta obbligazionaria che costa $ 20.Quanto ha speso Raphael per tutto?",,34,
"Finn guarda 11 girini che nuotano nello stagno.All'improvviso vede 6 di loro uscire dal nascondiglio da sotto un giglio, poi vede 2 di loro nascondersi sotto una roccia.Quanti girini ora può vedere Finn nello stagno?",,15,
"Un serbatoio d'acqua ha una profondità di 17 piedi lunedì.Martedì, il carro armato aveva 7 piedi in più acqua.Mercoledì, la profondità dell'acqua è di due terzi di quello che era martedì.Qual è la profondità dell'acqua del serbatoio mercoledì?",,16,
"Anakin e Locsin sono andati in spiaggia oggi.Anakin ha catturato 10 stelle marine, 6 cavalli marini e 3 pesci pagliaccio.Mentre Locsin ha catturato 5 stelle marine in meno rispetto a Anakin, 3 meno cavalli marini di Anakin e 2 più pesci pagliaccio di Anakin.Quanti pesci sono stati in grado di catturare?",,32,
"Se una borsa di marmi costa $ 20 e il prezzo aumenta del 20% del prezzo originale ogni due mesi, quanto sarebbe costato un sacco di marmi dopo 36 mesi?",,92,
"In una stanza, ci sono vari giocattoli: 5 auto rosse, 3 figure e una bambola.La bambola è costata fino a 3 cifre d'azione e un'auto rossa è costata $ 4.Quanto valgono tutti i giocattoli, di un action cifra costa $ 5?",,50,
"Jackie sta cercando di decidere se fare le tasse da sola o assumere un contabile.Se si fa le tasse da sola, sarà in grado di fare 3 ore in meno di lavoro freelance, perdendo $ 35/ora in entrate perse.Il contabile addebita $ 90.Quanti soldi avrà se assume il contabile?",,15,
"Per il suo trentesimo compleanno, Elvira ha scelto un nuovo computer con molti accessori come regalo.Ha un budget di € 1500 donato da tutta la sua famiglia e pensa che sarà in grado di mantenere un po 'di soldi per permettersi un capo.Va in un negozio di computer e sceglie una macchina che costa € 1090 con una schermata, una tastiera e un mouse.Prende anche uno scanner per € 157, un bruciatore CD del valore di € 74 e una stampante per € 102.Quanti soldi rimarrà per i suoi vestiti?",,77,
"La vicina di Sandra le dà un cesto di 9 uova ogni volta che fa da babysitter a figlia.Per fare un flan spagnolo, ha bisogno di 3 uova.Se Sandra è stato incaricato di creare 15 fiani spagnoli per la sua raccolta fondi scolastica, quante volte Sandra deve fare da babysitter?",,5,
"Seth è il doppio di Brooke.Tra 2 anni, la somma della loro età avrà 28. Quanti anni ha Seth?",,16,
"Jimmy ha $ 2 in più del doppio del denaro che Ethel ha.Se Ethal ha $ 8, quanti soldi ha Jimmy?",,18,
Pancho cammina 20 miglia al giorno.Tranne nei fine settimana quando cammina per 10 miglia.Quante miglia cammina in una settimana?,,120,
"La banda musicale sta ordinando nuove uniformi.Ogni uniforme viene fornita con un cappello che costa $ 25, una giacca che costa tre volte più del cappello e pantaloni che costano la media dei costi del cappello e della giacca.Quanto costa in totale ogni uniforme?",,150,
"Jake sta camminando attraverso il Museo di Entomologia.Vede 80 ragni con 8 gambe ciascuno, 90 insetti con 6 gambe ciascuno e 3 rari invertebrati mutanti con 10 gambe ciascuno.Quante gambe vede Jake totale?",,1210,
"Ci sono quattro uccelli al Caboose.Sally due hanno tre anni più di Granny Red.La Granny Red è due volte vecchia come Sally Four.Se Sally Four ha la stessa età di Sally Thirtytwo e Sally Thirtytwo ha 8 anni, qual è l'età totale dei quattro uccelli?",,51,
"Jessica sta cercando di capire quanto pagare su tutti i suoi debiti ogni mese.I suoi prestiti studenteschi hanno un pagamento minimo di $ 300/mese, il minimo della carta di credito è di $ 200/mese e il minimo del suo mutuo è di $ 500/mese.Se Jessica vuole pagare il 50% in più rispetto al minimo, quanto paga in un anno?",,18000,
"Billy sta sbucciando e tagliando le patate in preparazione per preparare insalata di patate per la sua grande barbecue di riunione di famiglia.È un grande evento, quindi ha 60 patate da superare.Le patate hanno all'incirca le stesse dimensioni, quindi ci vuole circa lo stesso tempo per sbucciare e tagliare ciascuna.Billy ci vuole circa un minuto e mezzo per sbucciare una patata, ma solo circa 5 secondi per tagliarla.Quanto tempo ci vorrà Billy per finire di preparare le patate?",,95,
"Juan e suo fratello Carlos stanno vendendo limonata.Per ogni gallone costano $ 3 per i limoni e $ 2 per lo zucchero.Vendono ogni bicchiere per $ 0,50 e ottengono 20 bicchieri per gallone.Se hanno guadagnato $ 25 in profitto, quanto hanno speso per i limoni?",,15,
"In una gara con 240 asiatici, 80 erano giapponesi e il resto era cinese.Se il numero di ragazzi nella squadra cinese aveva 60 anni, quante ragazze erano nella squadra cinese?",,100,
"Zaid spende 1/4 del suo stipendio in affitto, 1/3 di carburante per auto e dona metà della quantità rimanente alla sua organizzazione benefica preferita.Dà a sua figlia 200 $ da utilizzare per le sue spese settimanali e 700 $ a sua moglie per il budget per la spesa e altri beni per la casa.Se Zaid guadagna 6000 $ al mese, quanti soldi avrà ancora dopo tutte queste spese e donazioni?",,350,
"Rani ha dieci granchi in più di Monic, che ha 4 granchi in meno di Bo.Se Bo ha 40 granchi, calcola il numero totale di granchi che i tre hanno insieme.",,122,
Lloyd guadagna $ 10 l'ora con il tutoraggio matematico.Ha istruito 5 ore per la prima settimana e 8 ore per la seconda settimana.Quanto ha guadagnato per le prime due settimane?,,130,
"Due candidati sono candidati per il rappresentante di classe nella scuola di Sarai.Se il vincitore ha ottenuto 3/4 dei voti e il numero totale di studenti che hanno votato in classe era 80, calcola il numero di voti che il perdente ha ottenuto.",,20,
"Sandra, il fiorista dietro l'angolo, è molto infelice della consegna di ordini incompleti di Fred.Sandra aveva ordinato quattro volte più rose rosse delle garofani bianchi.Ha anche ordinato 200 Calla Pink Calla, che erano cinque volte il numero di garofani bianchi.Sandra ha minacciato di cambiare fornitori se le rose rosse mancanti non vengono consegnate entro le 17:00.Per mantenere l'attività di Sandra, quanti rose rosse devono offrire Fred entro le 17:00?",,160,
Jean ha due anni più di Mark.Due anni fa Mark aveva 5 anni più di mezza età.Se il 30 gennaio ha quanti anni ha Jean?,,23,
"Due squadre di binari sono in competizione l'una contro l'altra in un relè da 4 per 400 metri;Una gara in cui ogni squadra in competizione ha quattro membri che gestiscono ciascuno 400 metri o un giro, attorno a una pista standard.Una delle due squadre è molto a tutto tondo e ciascuno dei loro membri eseguirà la loro gamba di 400 metri in precisione in 55 secondi.L'altra squadra è meno a tutto tondo;Il loro primo corridore eseguirà la loro gamba di 400 metri in 60 secondi, quindi ogni corridore successivo sarà di 3 secondi più veloce del precedente corridore.Usando queste informazioni, quanti secondi vincerà la squadra più veloce?",,2,
Jerry sta rotolando un dado a sei lati.Quanto più è probabile (espresso in percentuale) che rotola un numero maggiore di 3 di quello che lancia due numeri pari di fila?,,25,
"Jenna e sua madre hanno scelto alcune mele dalla loro fattoria di mele.Jenna ha scelto la metà delle mele di sua madre.Se sua madre ha ottenuto 20 mele, quante mele hanno scelto entrambi?",,30,
"Russell lavora in un negozio di animali e sta distribuendo la paglia tra i roditori.I ratti sono mantenuti in 3 gabbie in gruppi uguali e ogni ratto viene somministrato 6 pezzi di paglia.Ci sono 10 gabbie di criceti che sono mantenuti da soli e ogni criceto vengono assegnati 5 pezzi di paglia.C'è anche una penna di conigli in cui sono distribuiti 20 pezzi di paglia tra i conigli.Nessuna cannuccia viene utilizzata altrove nel negozio.Se sono stati distribuiti 160 pezzi di paglia tra i piccoli roditori, quanti ratti ci sono in ogni gabbia?",,5,
"Mandy deve Benedict $ 100.Hanno accettato di avere un interesse mensile del 2%.Se Mandy fosse in grado di pagarlo dopo 3 mesi, quanto dovrebbe dare a Benedict?",,106,
"Un commerciante acquista alcuni sacchi di grano da un agricoltore alla tariffa di $ 20 per sacchetto.Se costa $ 2 per trasportare ogni borsa dalla fattoria al magazzino e il commerciante ha realizzato un profitto totale di $ 400 dopo aver venduto tutte le borse a un tasso di $ 30 ciascuno, quante borse ha venduto?",,50,
"Tre amici hanno speso $ 20,25 in 3 biglietti per la fiera.Hanno anche speso $ 4,50 in meno per il cibo che sui biglietti.Hanno anche fatto 2 diverse corse che costa $ 33 per ogni giro.Se avessero accettato di dividere tutti i costi in modo uniforme, quanto pagava ciascuno di loro?",,34,
John raccoglie pesche per 3 ore.Può raccogliere 2 pesche al minuto.Quante pesche raccoglie?,,360,
"Le anatre devono mangiare 3,5 libbre di insetti ogni settimana per sopravvivere.Se c'è uno stormo di dieci anatre, quanti chili di insetti hanno bisogno al giorno?",,5,
Tom pianta 10 alberi all'anno.Ogni anno taglia anche 2 alberi all'anno.Comincia con 50 alberi.Dopo 10 anni il 30% degli alberi muore.Quanti alberi gli è rimasto?,,91,
"Sue vive in un quartiere divertente.Un fine settimana, i vicini hanno deciso di fare uno scherzo su Sue.Venerdì mattina, i vicini hanno piazzato 18 fenicotteri di plastica rosa sul cortile di Sue's.Sabato mattina, i vicini hanno ripreso un terzo dei fenicotteri, li hanno dipinti in bianco e hanno messo questi fenicotteri bianchi appena dipinti sul cortile di Sue's.Poi, domenica mattina, hanno aggiunto altri 18 fenicotteri di plastica rosa alla collezione.A mezzogiorno di domenica, quanti più fenicotteri di plastica rosa erano fuori rispetto ai fenicotteri di plastica bianchi?",,24,
Violetta vuole acquistare nuovi pastelli.Ne ha bisogno in 5 colori diversi e preparato $ 20 per questo acquisto.Un pastello costa $ 2.Quanto cambiamento riceverà?,,10,
"Una penna costa tanto quanto una matita e una gomma combinate.Una matita costa $ 1,20 e una gomma costa $ 0,30.Quanto costeranno 8 penne?",,12,
200 libbre di carote devono essere distribuite a 40 ristoranti in una certa città.Ogni ristorante deve ricevere 2 chili di carote.Quante chili di carote non verranno utilizzate?,,120,
"Nella città di Soda, ci sono esattamente 23786 abitanti.Includono 8417 uomini e 9092 donne.Il resto della popolazione è composto da bambini.Quanti bambini ci sono in soda?",,6277,
"Elaine inizialmente aveva 20 carte Pokemon.Dopo un mese, ha raccolto tre volte quel numero.Nel secondo mese, ha raccolto 20 carte in meno rispetto a quelle che ha raccolto nel primo mese.Nel terzo mese, ha raccolto il doppio del numero combinato di carte Pokemon che ha raccolto nel primo e nel secondo mese.Quante carte Pokemon ha ora in totale?",,320,
"Mark è un editor di copia.Modifica un numero uguale di frasi ogni settimana per due diversi editori, che ciascuno gli pagano un tasso diverso per frase.L'editore B paga il doppio di quello che l'editore A paga.Mark modifica un numero totale di 1000 frasi ogni settimana e l'editore A gli paga 5 centesimi per frase.Quanto fa Mark in una settimana, in centesimi?",,7500,
"Baldur prende acqua da un pozzo.Riceve 5 secchi d'acqua ogni mattina e 6 secchi d'acqua ogni pomeriggio.Se ogni secchio contiene 5 litri di acqua, quanti litri di acqua ottengono ogni giorno?",,55,
"John vince un premio al lavoro.Il premio ha un premio monetario in 1 volta di $ 5000 e un aumento del 5% di stipendio.Se guadagna 2000 a settimana, ogni settimana dell'anno e ha ottenuto il premio il primo giorno dell'anno quanti soldi ha fatto quell'anno?",,114200,
Josie cresce uva nella sua fattoria di 10 acri.Ogni acro produce 5 tonnellate di uva all'anno e ogni tonnellata di uva produce 2 barili di vino.Quanti barili di vino produce la sua fattoria all'anno?,,100,
Il cibo preferito di Carl è il formaggio.Ha mangiato un panino ogni giorno questa settimana per pranzo e ha usato 2 fette di formaggio su ogni panino.Ha mangiato omelette di formaggio e uova per colazione 3 giorni alla settimana usando una fetta in più per frittata di quanto non facesse per sandwich.Ha preparato un grande piatto di maccheroni e formaggio per durare diverse cene per la settimana e ha usato 8 fette di formaggio.Quante fette di formaggio ha usato?,,31,
Janet aveva 22 penne verdi e 10 penne gialle.Quindi ha comprato 6 sacchi di penne blu e 2 sacchi di penne rosse.C'erano 9 penne in ogni sacchetto di blu e 6 penne in ogni sacchetto di rosso.Quante penne ha Janet adesso?,,98,
"Brinley è nella lezione di matematica del signor Bert.Il signor Bert fa sei test ogni semestre.Permette agli studenti di rimuovere il punteggio più basso dalla media ogni semestre.Se Brinley ha punteggi di 89, 71, 92, 100 e 86 nei primi cinque test, di quale punteggio ha bisogno nel sesto test per ottenere una media di 93?",,98,
"Micheal adora andare in bicicletta.Lo cavalcava almeno 5 volte a settimana e produce 25 chilometri ogni volta.Lo ha fatto per quattro settimane, e poi ha deciso di andare in bici solo 2 volte a settimana, ma per 60 chilometri ogni volta, e lo ha fatto per 3 settimane.Quanti chilometri ha fatto Micheal in totale?",,860,
"La borsa di Joe di Candy Halloween ha 25 barrette di cioccolato e 80 mele candite.Ogni barretta di cioccolato pesa il doppio di ogni mela candita.Se ogni barretta di cioccolato pesa 40 g, quanto pesa la borsa di caramelle di Joe, in grammi?",,2600,
Rose è andato al negozio lunedì e ha acquistato 4 torte.Martedì è andato in un altro negozio e ha acquistato tre volte quel numero di torte.Mercoledì è andata in un altro negozio e ha acquistato 5 volte il numero di torte che ha fatto martedì.Quante torte ha comprato dopo tutti e tre i giorni?,,76,
Venti dozzine di tazze costano $ 1200 in meno del costo totale di una mezza dozzina di piastre vendute a $ 6000 ciascuna.Calcola il costo totale dell'acquisto di ogni tazza.,,145,
"Sara vuole comprare una nuova giacca e 2 paia di scarpe.La giacca che desidera costa $ 30 e ogni paio di scarpe costa $ 20.Sara fa da babysitter ai bambini del vicino 4 volte, guadagnando $ 5 ogni volta che li fa da babysitter.I suoi genitori le pagano $ 4 ogni volta che falcia il prato.Se Sara ha già risparmiato $ 10 prima di iniziare a fare da babysitter, quante volte deve falciare il prato prima che possa permettersi la giacca e le scarpe?",,10,
"Jerry ha uno stormo di polli.Le galline rosse producono 3 uova al giorno e le galline bianche producono 5 uova al giorno.Ogni giorno Jerry raccoglie 42 uova.Se ha più due polli bianchi che polli rossi, quante galline rosse ha?",,4,
"A Gary piace camminare intorno al bordo del parco locale, che è un rettangolo che misura 1,5 miglia per 6 miglia.Se cammina a 3 miglia/ora, quante ore trascorre a camminare?",,5,
"Mentre si trova al negozio di dollari, Sloane conta 100 clienti che entrano nel negozio.Il giorno successivo, conta 50 clienti in più rispetto al primo giorno.Se il numero totale di clienti entro il terzo giorno era 500, quanti clienti ha contato il terzo giorno?",,250,
"Jerry ha due piscine, entrambe con perdite che li svuotano a 4 galloni/minuto.4 minuti fa, la grande piscina aveva il doppio dell'acqua della piccola piscina.Ora la grande piscina ha quattro volte più acqua della piccola piscina.Quanta acqua ha la piccola piscina adesso?",,8,
"Lori vuole acquistare un paio di scarpe da $ 320,00 e una cintura abbinata che è di $ 32,00.Il suo lavoro part-time le paga $ 8,00 l'ora.Quante ore dovrà lavorare prima che possa fare il suo acquisto?",,44,
"Janeth ha preso in prestito $ 2000 e ha promesso di restituirlo con un ulteriore 10% dell'importo.Se pagherà $ 165 al mese per 12 mesi, quanto sarà il saldo rimanente di Janeth da allora?",,220,
Ci sono 4 rose nel vaso.Ce ne sono 7 più dahlia rispetto alle rose nel vaso.Quanti fiori ci sono nel vaso in totale?,,15,
L'età di Adrian ha tre volte l'età di Harriet e Harriet ha la metà dell'età di Zack.Calcola l'età media dei tre in tre anni se Harriet ha 21 anni.,,45,
Quattro studenti hanno segnato un totale di 251 punti in una partita di tavolo.Naomi ha segnato 68 dei punti.Yuri ha segnato 10 in più della metà di Naomi e Brianna hanno segnato 17 punti in più rispetto a Naomi.Quanti punti ha segnato Jojo?,,54,
Carmen ci vuole 10 minuti per finire un cruciverba e 5 minuti per finire un puzzle di Sudoku.Durante il fine settimana ha risolto 3 cruciverba e 8 puzzle di Sudoku.Quanto tempo ha trascorso a giocare a questi giochi?,,70,
Un serbatoio d'acqua è riempito con 120 litri di acqua.Celine ha usato 90 litri di acqua dal serbatoio per annaffiare il suo piccolo giardino.È stata quindi in grado di raccogliere acqua piovana che è il doppio di quanto rimasto.Quanti litri d'acqua ci sono nel serbatoio adesso?,,90,
Andy pianta 90 geranio e 40 petunie in meno che i gerani.Quanti fiori pianta totale?,,140,
"Una società spende $ 15000 in pubblicità per un anno, quindi spende un terzo di tale importo in pubblicità per un altro anno.Qual è l'importo totale che la società ha speso per la pubblicità per i due anni?",,20000,
"Carlos e Benji sono in spiaggia.Carlos affitta una canoa per $ 30 l'ora e Benji affitta una zattera per banana per $ 18 l'ora.Se Carlos usa la barca per 3 ore e Benji usa la zattera per 5 ore, quanto pagheranno per i loro noleggi, del tutto?",,180,
Andrew pianifica un viaggio dal New Jersey a Rochester.Ci vogliono 6 giorni per viaggiare in autobus e la metà dei giorni per viaggiare in auto dal New Jersey a Rochester.Quanti giorni viaggerà se ha intenzione di andare a Rochester in autobus e tornare da Rochester in auto?,,9,
"James sta contando le sue carte Pokemon.Ha 30 tipi di fuoco, 20 tipi di erba e 40 tipi d'acqua.Se perde 8 del tipo d'acqua e acquista 14 tipi di erba, qual è la possibilità percentuale (arrotondata al numero intero più vicino) che una carta scelta casualmente sarà un tipo d'acqua?",,33,
"Chad ha ordinato un burrito build-your-hone a pranzo.Il burrito di base costa $ 6,50.Aggiunge carne extra per $ 2,00, formaggio extra per $ 1,00, avocado per $ 1,00 e 2 salse per $ 0,25 ciascuno.Decide di aggiornare il suo pasto per un extra di $ 3,00 che aggiungerà patatine e un drink.Ha una carta regalo per $ 5,00 che usa al check out.Quanto deve ancora?",,9,
Kalinda sta lavorando su un puzzle a 360 pezzi con sua madre.Kalinda può normalmente aggiungere 4 pezzi al minuto.Sua madre può in genere posizionare la metà dei pezzi al minuto di Kalinda.Quante ore ci vorranno per completare questo puzzle?,,1,
"Una fattoria di anguria ha prodotto 120 angurie per bambini.Ashlyn andò alla fattoria dopo due mesi e scoprì che il 30% delle angurie era pronta per il raccolto, quindi li portò a casa.Quando tornò due settimane dopo, 3/4 dei meloni rimanenti erano pronti, quindi li raccolse.Quanti meloni non erano pronti per essere raccolti dopo le due settimane?",,21,
Mark acquista una flotta di 12 auto per la sua compagnia.Ogni auto vende per $ 20.000.Paga il 10% di tasse sulle auto e poi altri $ 1000 per la registrazione su ciascuno di essi.Quanto paga per tutto?,,276000,
"Kylie e Robert si divertono ad andare in spiaggia per raccogliere conchiglie.Lunedì Kylie raccoglie 5 conchiglie in più di Robert, che raccoglie 20 proiettili.Martedì Kylie raccoglie 2 volte più conchiglie di quanto non abbia fatto lunedì.Quante conchiglie raccoglie Kylie martedì?",,50,
"Dax andò nella loro fattoria per scegliere alcune mele e trovò la metà di bug quanto le formiche nel giardino.Se c'erano 50 formiche, calcola il numero totale di insetti nel giardino.",,75,
Ci sono 36 pinguini che prendono il sole sulla neve.Un terzo di loro salta dentro e nuota nell'oceano.Un altro terzo di arrivo all'interno della grotta per cenare.Quanti pinguini sono ancora lasciati al sole?,,12,
Steve decide di iniziare a mangiare più pomodori e decide di far crescere i propri pomodorini.Mangia il doppio della sua ragazza.Mangia 6 al giorno.Se una vite può produrre 3 pomodori a settimana di quante viti ha bisogno?,,21,
John ordina ad alcune pizze di condividere con i suoi amici.Ci sono 20 amici in totale e John vuole assicurarsi che ognuno possa avere 4 fette.Le pizze vengono vendute solo in 8 porzioni.Di quante pizze deve ordinare John?,,10,
"RAM usa molte penne.Ha scoperto che può risparmiare denaro mescolando l'inchiostro da cinque penne vuote per fare una penna completa.Se acquista 25 penne e poi le usa per fare nuove penne quando l'inchiostro si abbassa, quante penne totali possono avere?",,31,
"Johnny ha preso la sua indennità di $ 20 e ha aggiunto $ 10 in più.Ha quindi investito questa somma di denaro, che ha triplicato in un anno.Quanti soldi ha avuto dopo un anno?",,90,
"Mary è due anni più giovane di Joan, che ha cinque anni più di Jessa.Se Jessa ha 20 anni, qual è la somma delle età delle tre ragazze?",,68,
"Il numero di studenti in una sala scolastica era di 1000. La sala aveva 3 ingressi A, B e C che servivano anche da uscite.Se dopo una riunione il 30% degli studenti è uscito dall'edificio attraverso l'uscita A, 3/5 dei restanti è uscito dall'uscita B, e il resto è uscito dall'uscita C, calcola il numero di studenti che sono usciti attraverso l'uscita C.",,280,
"James ha 6 caramelle in più di Robert.John ha il doppio delle caramelle di Robert.Se John ha 54 caramelle, quante più caramelle ha John di James?",,21,
"Dolly ha due libri.Pandora ne ha uno.Se sia Dolly che Pandora si leggono i libri reciproci e i loro, quanti libri leggono collettivamente entro la fine?",,6,
Mike era un amico di penna con 5 persone.Ha smesso di essere dei cenpali con 2 di loro.Ognuno di essi manda 2 lettere a settimana lunghe 5 pagine.Risponde in natura.Può scrivere una pagina ogni 6 minuti.Quante ore trascorre a scrivere una settimana?,,3,
Jason ha un piano telefonico di 1000 minuti al mese.Ogni giorno ha una chiamata di 15 minuti con il suo capo e questo mese ha avuto 300 minuti in più di chiamata.Quanti minuti è rimasto Jason se questo mese ha 30 giorni?,,250,
"Griffin aveva 24 patatine fritte, ma Kyle ne prese 5.Billy ne ha preso il doppio di Kyle.Ginger diede a Griffin una manciata di patatine, e poi Colby prese da Griffin 3 in meno rispetto al numero di patatine che Kyle aveva preso.Se alla fine Griffin aveva 27 patatine, quante patatine fritte dava Griffin?",,20,
"Ci sono 4 lumache in un acquario e 32 lumache in un altro acquario.La differenza tra il numero di lumache nei due acquari è il doppio della quantità di pesce in entrambi gli acquari.Se entrambi gli acquari hanno lo stesso numero di pesci, quanti pesci ci sono in ogni acquario?",,7,
"La truccatrice dei jeans carica $ 250 l'ora.Richiede un trucco molto costoso per un film in cui si trova e ci vogliono 6 ore per fare ogni giorno e ne ha bisogno fatti 4 volte a settimana.Il film richiede 5 settimane per finire.Dopo che il film è stato fatto, il truccatore dà a Jean uno sconto del 10% a causa della quantità di lavoro svolto.Quanto ha pagato Jean?",,27000,
"Isabelle ha acquistato materiali per feste per la festa di compleanno della sua sorellina.Ha speso $ 12 per gli ingredienti per la torta, $ 43 per regali di compleanno, $ 15 in decorazioni, $ 4 su inviti e $ 22 su borse Goodie per gli ospiti della festa.Ha diviso i costi in modo uniforme con i suoi due genitori.Quanti dollari ha pagato ogni persona?",,32,
"Uno chef ha acquistato 4 sacchi di cipolle.Ogni borsa pesa 50 libbre.Una libbra di cipolle costa $ 1,50.Quanto ha speso lo chef?",,300,
"Lunedì Sue ha mangiato 4 volte più biscotti di sua sorella.Martedì ha mangiato il doppio dei biscotti di sua sorella.Sua sorella ha mangiato 5 biscotti lunedì e 13 il giorno successivo.Se 1 biscotto ha 200 calorie, quante più calorie hanno consumato Sue di sua sorella?",,5600,
